diff_rate,footrule,mapping
1.0,0.6867256164550781,Logistic
0.9990234375,0.6661643981933594,Tent
1.0,0.6778945922851562,Chebyshev
0.99609375,0.6732978820800781,Sine
0.9990234375,0.6678504943847656,Henon
